date,time,open,high,low,close,volume,macd,macd_signal,macd_diff,rsi,bb_bbm,bb_bbh,bb_bbl,bb_bbwidth,obv
01/04/2025,00:00:00,242.62,245.69,240.88,243.66,8054683,,,,,,,,,8054683
01/05/2024,00:00:00,192.27,194.46,190.79,191.86,7446703,,,,,,,,,607980
01/05/2025,00:00:00,242.84,248.45,242.17,246.89,8689579,,,,,,,,,9297559
01/07/2024,00:00:00,202.84,207.09,202.66,205.45,10205836,,,,,,,,,-908277
01/08/2024,00:00:00,213.2,213.83,206.38,207.96,10918644,,,,,,,,,10010367
01/10/2024,00:00:00,208.9,209.09,206.19,207.04,8540064,,,,,,,,,1470303
01/11/2024,00:00:00,223.56,226.15,222.7,222.94,6923452,,,,,,,,,8393755
02/01/2025,00:00:00,240.63,243.28,239.45,240.0,9220914,,,,,,,,,17614669
02/04/2025,00:00:00,241.6,247.25,241.46,245.82,7758750,,,,,,,,,25373419
02/05/2024,00:00:00,193.07,193.5,189.52,191.66,6501657,,,,,,,,,18871762
02/05/2025,00:00:00,251.26,253.62,249.46,252.51,7165044,,,,,,,,,26036806
02/06/2025,00:00:00,263.02,265.03,261.9,264.66,6011165,,,,,,,,,32047971
02/07/2024,00:00:00,205.29,208.86,204.77,208.83,7802936,,,,,,,,,24245035
02/08/2024,00:00:00,203.88,204.67,196.89,199.14,18041676,,,,43.25284153879068,,,,,6203359
02/10/2024,00:00:00,207.08,208.95,205.69,207.29,5810931,,,,45.15837742326173,,,,,12014290
02/12/2024,00:00:00,249.55,250.25,245.03,246.25,8899741,,,,53.241506994678105,,,,,20914031
03/01/2025,00:00:00,243.89,244.88,240.26,243.28,9491053,,,,52.60497788177924,,,,,11422978
03/02/2025,00:00:00,261.83,268.17,261.7,266.81,8381361,,,,56.99197723397915,,,,,19804339
03/03/2025,00:00:00,264.0,266.32,257.82,260.62,9058307,,,,55.53564629640028,,,,,10746032
03/04/2025,00:00:00,234.27,235.14,227.3,228.69,17188469,,,,48.63223800325423,229.068,277.5526737021092,180.5833262978908,96.9693474042184,-6442437
03/05/2024,00:00:00,192.0,192.53,188.46,190.51,8922775,,,,41.92176707633204,226.4105,277.1773488188897,175.64365118111033,101.53369763777935,-15365212
03/06/2024,00:00:00,202.31,202.42,199.19,201.82,6444309,,,,44.370520758317895,226.90849999999995,276.4914814654181,177.3255185345818,99.16596293083629,-8920903
03/06/2025,00:00:00,263.73,266.58,262.88,266.27,6998383,,,,55.8056998131201,227.8775,279.6918771071312,176.06312289286882,103.62875421426236,-1922520
03/07/2024,00:00:00,209.55,210.38,207.65,208.69,5560925,,,,46.59113750983454,228.0395,279.5919798530585,176.48702014694155,103.10495970611694,-7483445
03/09/2024,00:00:00,222.3,224.1,219.24,220.3,8956089,,,,48.43979325526495,228.6565,279.5237599124427,177.7892400875573,101.7345198248854,1472644
03/10/2024,00:00:00,206.17,206.49,204.34,205.23,7251325,-4.287570871490374,,,46.20421425486637,228.56600000000003,279.5929628333884,177.53903716661165,102.05392566677676,-5778681
03/12/2024,00:00:00,248.23,249.04,244.63,244.82,6657694,-2.2880550410159515,,,52.41712800902332,229.66,281.09414935623994,178.22585064376003,102.86829871247988,879013
04/02/2025,00:00:00,269.84,269.84,266.83,267.94,5625972,1.1489223764898495,,,55.63918762579386,231.057,284.9954264138285,177.1185735861714,107.8768528276571,6504985
04/03/2025,00:00:00,255.28,257.23,245.95,250.25,13465630,2.41744972779506,,,52.69877597514425,231.2785,285.49328221850567,177.06371778149432,108.42956443701136,-6960645
04/04/2025,00:00:00,215.31,217.7,208.93,210.28,27170689,0.1952708750820875,,,46.69421288620679,232.2095,284.26752396365043,180.15147603634964,104.1160479273008,-34131334
04/06/2024,00:00:00,200.16,201.98,198.28,199.16,6848338,-2.435043278753767,,,45.15279345162778,229.542,282.6231403796113,176.46085962038873,106.16228075922255,-40979672
04/06/2025,00:00:00,265.92,267.12,264.18,264.22,5915710,0.7218905697081937,,,54.59647435635769,229.52000000000004,282.54323528416575,176.4967647158343,106.04647056833144,-35063962
04/09/2024,00:00:00,221.04,222.07,217.21,219.33,7389474,-0.3939235441145854,,,48.4036958878929,230.045,282.44264288591614,177.6473571140839,104.79528577183224,-42453436
04/10/2024,00:00:00,209.3,211.67,206.91,211.22,10213415,-1.9105992909088911,-1.1827338774923926,-0.7278654134164986,47.35855386398441,230.649,281.8730767217916,179.42492327820833,102.4481534435833,-52666851
04/11/2024,00:00:00,222.65,223.76,219.17,219.78,8229588,-2.394255795765872,-1.4250382611470886,-0.9692175346187836,48.61960251078912,231.2735,281.6405973056816,180.9064026943184,100.73419461136316,-44437263
04/12/2024,00:00:00,244.7,245.35,242.23,243.4,7346265,-0.8616874642918333,-1.3123681017760378,0.4506806374842045,52.03410470432449,231.131,281.3436931761283,180.9183068238717,100.42538635225654,-37090998
05/02/2025,00:00:00,268.91,270.64,268.33,270.43,5704431,2.5051018263421554,-0.5488741161523991,3.0539759424945547,55.66510632979591,232.4885,285.3402357425468,179.63676425745322,105.70347148509356,-31386567
05/03/2025,00:00:00,251.25,253.05,247.83,251.53,7861424,3.606659226966032,0.2822325524712868,3.3244266744947435,52.66317097597058,231.7245,282.9874872227516,180.4615127772484,102.52597444550328,-39247991
05/05/2025,00:00:00,251.18,255.16,250.59,252.56,5450744,4.510766486976564,1.1279393393723425,3.382827147604222,52.81252095727044,231.3215,281.79008281148776,180.8529171885123,100.9371656229755,-33797247
05/06/2024,00:00:00,199.76,199.82,196.92,197.26,8351597,0.7563118731731322,1.0536138461325004,-0.2973019729593682,44.66467549460699,229.75,282.3603754025762,177.13962459742376,105.22075080515243,-42148844
05/06/2025,00:00:00,264.74,264.74,260.31,261.95,8179258,2.96662450482944,1.4362159778718884,1.5304085269575516,53.66940142423663,233.32200000000003,284.4710698253644,182.1729301746357,102.2981396507287,-33969586
05/07/2024,00:00:00,206.99,207.37,204.52,204.79,8093096,0.104771159205967,1.169927014138704,-1.0651558549327371,46.473098744320914,233.47050000000004,284.2689147292019,182.6720852707981,101.5968294584038,-42062682
05/08/2024,00:00:00,194.05,196.17,190.9,194.9,13926997,-2.927561475219335,0.3504293162670963,-3.277990791486431,45.34029222477747,229.902,281.0089214881898,178.79507851181015,102.21384297637964,-55989679
05/09/2024,00:00:00,220.15,220.8,216.03,217.63,8067874,-3.45673876458136,-0.4110042999025949,-3.0457344646787647,48.450344596260464,230.349,280.85888810124214,179.8391118987579,101.01977620248424,-47921805
05/11/2024,00:00:00,220.03,221.96,220.0,221.49,5600686,-3.5240230936874184,-1.0336080586595595,-2.490415035027859,48.98123259908651,230.4085,280.87368137290304,179.94331862709697,100.93036274580606,-42321119
05/12/2024,00:00:00,245.39,247.18,244.62,245.48,6572536,-1.6228467350817937,-1.1514557939440064,-0.4713909411377872,52.2711552963685,232.421,281.9101155305891,182.93188446941087,98.97823106117823,-35748583
06/01/2025,00:00:00,243.7,245.69,240.58,240.85,9917836,-0.4841718474554,-1.0179990046462852,0.5338271571908852,51.57984788168312,232.2225,281.5426532337441,182.9023467662559,98.6403064674882,-45666419
06/02/2025,00:00:00,272.45,276.98,271.19,276.9,7264371,3.2892534559265982,-0.1565485125317085,3.4458019684583068,56.41344673269462,232.6705,283.4222737522542,181.9187262477458,101.50354750450842,-38402048
06/03/2025,00:00:00,248.11,249.36,243.85,246.54,9983235,3.7862760901327306,0.6320164080011793,3.1542596821315514,51.72997498135577,232.48500000000004,283.0049934679331,181.96500653206692,101.03998693586612,-48385283
06/05/2024,00:00:00,191.73,192.2,189.82,192.0,7911134,-0.2182363883682399,0.4619658487272955,-0.6802022370955354,44.57121512401112,231.571,284.2789006980927,178.8630993019073,105.41580139618536,-56296417
06/05/2025,00:00:00,250.0,252.65,249.0,249.25,6369934,1.2137636514200665,0.6123254092658498,0.6014382421542167,52.06935950913678,234.0755,285.1190846997446,183.03191530025543,102.08716939948914,-49926483
06/06/2024,00:00:00,197.26,198.02,195.33,196.91,7640289,-1.8534017151437467,0.1191799843839304,-1.9725816995276773,45.94949142857383,230.71,282.2333721722481,179.1866278277518,103.04674434449636,-57566772
06/06/2025,00:00:00,264.33,266.65,264.26,265.73,7738134,1.2545844132195896,0.3462608701510623,0.9083235430685273,53.66149887610664,233.03,286.4388707987727,179.62112920122723,106.81774159754548,-49828638
06/08/2024,00:00:00,195.4,202.6,194.0,200.34,10605780,-1.540977274395658,-0.0311867587582817,-1.5097905156373763,46.82509550145315,232.486,286.9829332715154,177.98906672848466,108.99386654303072,-60434418
06/09/2024,00:00:00,217.6,218.74,211.09,212.46,7776998,-2.746833556437309,-0.5743161182940872,-2.172517438143222,48.14378237385607,232.12,287.04995139266003,177.19004860733992,109.85990278532012,-52657420
06/11/2024,00:00:00,235.0,248.0,234.77,247.06,23987753,-0.9001758451430248,-0.6394880636638748,-0.26068778147915,51.81731675078284,232.30300000000005,287.40616364783426,177.19983635216582,110.20632729566844,-28669667
06/12/2024,00:00:00,245.7,247.74,244.84,247.36,5519738,0.5808257901461786,-0.3954252929018642,0.9762510830480428,51.84916729910774,231.1495,283.9287138914554,178.37028610854458,105.55842778291084,-23149929
07/01/2025,00:00:00,242.14,245.26,240.9,243.17,8753357,1.400290595114683,-0.0362821152985547,1.4365727104132378,51.338722898474494,230.7315,282.9882895205972,178.4747104794028,104.51357904119442,-31903286
07/02/2025,00:00:00,277.27,278.55,274.71,275.8,6857875,4.629326660601521,0.8968396398814603,3.7324870207200607,55.05000557601522,231.8935,286.996207111357,176.79079288864293,110.2054142227141,-25045411
07/03/2025,00:00:00,245.23,246.72,239.42,242.28,20498734,4.432482248540197,1.6039681616132078,2.828514086926989,50.76659061331007,234.1445,287.0379810633598,181.25101893664024,105.78696212671952,-45544145
07/04/2025,00:00:00,205.77,222.05,202.16,214.44,22914370,2.006892099505933,1.6845529491917528,0.3223391503141801,47.46334385087239,231.769,283.71293743258207,179.82506256741794,103.88787486516412,-68458515
07/05/2024,00:00:00,191.7,192.93,191.65,191.75,7688771,-1.72639809816485,1.0023627397204322,-2.7287608378852823,44.89914869720575,231.117,284.7006076053115,177.53339239468843,107.16721521062308,-76147286
07/05/2025,00:00:00,249.85,252.45,248.83,249.39,8724267,-0.0336038302640133,0.7951694257235431,-0.8287732559875565,51.99427222712917,233.8415,285.2803733449713,182.4026266550287,102.87774668994255,-67423019
07/06/2024,00:00:00,197.43,200.92,197.01,199.95,6964498,-2.650889189256077,0.105957702727619,-2.756846891983696,46.46728883282943,232.9575,286.06113523338115,179.85386476661884,106.20727046676232,-74387517
07/08/2024,00:00:00,203.51,205.75,200.2,200.4,9204434,-4.635361887164351,-0.842306215250775,-3.7930556719135753,46.523009761721966,231.903,286.6866256923545,177.11937430764556,109.56725138470892,-65183083
07/10/2024,00:00:00,211.03,213.33,209.69,210.93,6718898,-5.297323552053541,-1.733309682611328,-3.564013869442213,47.889862934360266,230.1755,285.3154580975539,175.03554190244606,110.27991619510786,-58464185
07/11/2024,00:00:00,244.5,244.57,235.22,236.38,16451071,-3.725386696316576,-2.131725085352378,-1.5936616109641983,51.14035643423286,229.952,284.95313947910535,174.95086052089465,110.0022789582107,-42013114
08/01/2025,00:00:00,242.75,244.25,240.5,243.13,8675284,-1.9128961489863057,-2.087959298079164,0.1750631490928578,51.99563673540982,228.2635,279.32846069713554,177.19853930286436,102.12992139427118,-33337830
08/04/2025,00:00:00,223.52,227.84,213.25,216.87,19485734,-2.565869125875821,-2.1835412636384954,-0.3823278622373256,48.44289302878687,226.78,277.3565103580704,176.20348964192954,101.15302071614089,-52823564
08/05/2024,00:00:00,191.0,196.65,191.0,195.65,9227561,-4.740980499497226,-2.6950291108102418,-2.0459513886869845,45.7240920981244,226.9625,277.0597641468574,176.8652358531426,100.1945282937148,-62051125
08/05/2025,00:00:00,251.57,255.88,251.55,253.47,8320118,-1.7786776668701805,-2.5117588220222298,0.7330811551520493,53.39879961121584,227.1735,277.6783588850617,176.66864111493817,101.0097177701236,-53731007
08/07/2024,00:00:00,205.04,206.9,203.97,205.17,8706967,-3.290506756215109,-2.667508408860805,-0.6229983473543035,47.37269636952329,227.5865,277.2223077500508,177.95069224994916,99.27161550010165,-62437974
08/08/2024,00:00:00,202.47,204.91,201.79,204.06,7761199,-4.526036592525628,-3.03921404559377,-1.486822546931858,47.24075456155144,224.503,271.8886037631685,177.11739623683152,94.77120752633697,-70199173
08/10/2024,00:00:00,210.58,211.33,208.38,210.75,6021772,-4.908790320774301,-3.413129300629876,-1.495661020144425,48.17758246473788,225.0235,271.5570432886859,178.48995671131408,93.06708657737184,-64177401
08/11/2024,00:00:00,239.34,239.34,235.78,236.98,9502100,-3.06030631503441,-3.342564703510784,0.2822583884763734,51.79199142131555,226.2495,272.6863562566417,179.81264374335825,92.87371251328346,-54675301
09/04/2025,00:00:00,212.5,237.48,211.0,234.34,24022350,-1.7877868653517623,-3.03160913587898,1.2438222705272173,51.40339238287453,225.6135,271.23410379916083,179.99289620083917,91.24120759832168,-78697651
09/05/2024,00:00:00,195.17,197.59,195.1,197.5,7977291,-3.7092284718357007,-3.167133003070324,-0.5420954687653765,46.19466840770895,223.1205,269.16255706742487,177.07844293257511,92.08411413484976,-86674942
09/05/2025,00:00:00,254.5,255.51,252.34,253.08,5087639,-0.7386288362110065,-2.6814321696984607,1.9428033334874544,53.80070656912352,223.616,270.7117192959191,176.52028070408085,94.19143859183828,-81587303
09/06/2025,00:00:00,266.0,267.9,263.35,266.74,8285364,2.686868073024385,-1.6077721211538911,4.294640194178276,55.466927877641446,223.16299999999995,268.37901313694084,177.94698686305907,90.43202627388176,-73301939
09/07/2024,00:00:00,205.63,209.76,205.45,207.63,9060258,0.624714733274061,-1.161274750268301,1.785989483542362,47.48592926605982,221.4305,266.2372461326976,176.62375386730238,89.6134922653952,-82362197
09/08/2024,00:00:00,203.47,206.47,202.9,205.8,5540240,-1.1440346324365578,-1.1578267267019524,0.0137920942653946,47.25921209527776,220.9985,266.2310888160297,175.76591118397033,90.46517763205937,-87902437
09/09/2024,00:00:00,215.19,218.15,214.18,216.81,8935074,-1.6384788975097138,-1.2539571608635047,-0.384521736646209,48.84175686993285,222.2515,265.51951140565643,178.98348859434364,86.53602281131279,-78967363
09/10/2024,00:00:00,209.7,214.24,209.38,213.42,7023998,-2.277619231712265,-1.4586895750332567,-0.8189296566790083,48.36058744502171,220.45300000000003,262.01598646632624,178.89001353367385,83.12597293265239,-85991361
09/12/2024,00:00:00,247.13,247.87,243.76,243.81,7076466,-0.3281409268086577,-1.232579845388337,0.9044389185796792,52.84542074449552,222.646,264.27868110511275,181.01331889488728,83.26536221022548,-78914895
10/01/2025,00:00:00,243.44,243.81,238.74,239.87,10256829,0.8886656189341124,-0.8083307525238471,1.6969963714579597,52.21229784220774,224.6195,265.5836020773067,183.65539792269325,81.92820415461347,-89171724
10/02/2025,00:00:00,276.15,276.18,269.59,271.04,8627352,4.318372563673535,0.2170099107156292,4.1013626529579055,56.63830561018364,227.625,272.74060284424894,182.50939715575103,90.23120568849788,-80544372
10/03/2025,00:00:00,236.34,237.51,228.7,232.22,18887186,3.859500539595615,0.9455080364916264,2.9139925031039886,50.3799893384342,227.417,272.40741413456874,182.4265858654313,89.98082826913748,-99431558
10/04/2025,00:00:00,230.0,230.35,220.1,227.11,18896440,3.048367181248551,1.3660798654430115,1.6822873158055396,49.60301727865684,226.616,271.02557257168775,182.2064274283122,88.81914514337555,-118327998
10/05/2024,00:00:00,198.54,199.34,198.27,198.77,7529790,0.1173838699367877,1.1163406663417668,-0.998956796404979,45.41939643316093,225.711,271.59146508046763,179.83053491953245,91.7609301609352,-125857788
10/06/2024,00:00:00,199.24,200.84,198.44,199.61,6071201,-2.113299737158627,0.4704125856416881,-2.583712322800315,45.56594414491074,225.909,271.3004083941003,180.5175916058996,90.7828167882007,-119786587
10/06/2025,00:00:00,265.88,268.9,265.85,268.6,7538135,1.6665726474493283,0.7096445980032162,0.956928049446112,56.01227450607882,226.6655,274.317082754406,179.013917245594,95.303165508812,-112248452
10/07/2024,00:00:00,206.14,207.97,205.58,207.8,8328493,-0.241123605606532,0.5194909572812666,-0.7606145628877986,47.38226966552205,226.79700000000005,274.22456881814634,179.3694311818537,94.85513763629262,-120576945
10/09/2024,00:00:00,218.6,218.64,200.61,205.56,28406903,-1.911699033435383,0.0332529591379366,-1.94495199257332,47.09438002515125,226.872,274.1600490610472,179.58395093895282,94.57609812209436,-148983848
10/10/2024,00:00:00,214.81,214.81,211.47,212.84,7927051,-2.6180279408974627,-0.4970032208691431,-2.1210247200283194,48.19602412770812,226.9765,274.13062528082776,179.8223747191722,94.30825056165556,-141056797
10/12/2024,00:00:00,243.89,247.96,242.22,242.86,9108339,-0.7468266240555579,-0.5469679015064262,-0.1998587225491317,52.58089538781595,227.2705,274.7426907962968,179.79830920370324,94.94438159259352,-131948458
11/02/2025,00:00:00,270.26,276.22,269.66,274.99,7196376,3.2908020614935936,0.2205860910935778,3.070215970400016,56.7959476096023,229.30300000000005,281.09604242849616,177.5099575715039,103.58608485699229,-124752082
11/03/2025,00:00:00,231.75,233.32,226.69,229.14,18142995,2.7591344839438534,0.728295769663633,2.0308387142802204,49.96987129785344,230.885,280.5863832805486,181.18361671945132,99.40276656109722,-142895077
11/04/2025,00:00:00,226.31,238.58,225.0,236.2,20284450,2.8743335672430987,1.157503329179526,1.7168302380635727,50.94748021716892,230.04100000000005,278.76988666899746,181.31211333100256,97.4577733379949,-122610627
11/06/2024,00:00:00,197.91,197.94,193.6,194.36,9235302,-0.4058304964653416,0.8448365640505526,-1.2506670605158945,45.29828071571567,226.42200000000005,274.457186936245,178.386813063755,96.07037387249002,-131845929
11/06/2025,00:00:00,268.68,269.62,265.79,268.15,7434064,2.9152470091358964,1.2589186530676215,1.6563283560682749,54.814307633634826,229.448,279.92938096367806,178.96661903632196,100.9627619273561,-124411865
11/07/2024,00:00:00,206.21,208.1,205.38,207.45,10666937,0.6418433795170699,1.1355035983575112,-0.4936602188404413,47.49487674548982,229.5305,279.86219398102946,179.19880601897054,100.66338796205892,-135078802
11/09/2024,00:00:00,205.25,207.7,201.83,207.23,13658743,-1.164177622372506,0.6755673542115078,-1.8397449765840137,47.47013544490706,229.0515,280.0364182700139,178.06658172998607,101.9698365400278,-148737545
11/10/2024,00:00:00,215.67,224.63,215.16,222.29,18320650,-1.3645168389825812,0.26755051557269,-1.6320673545552713,49.412823953585296,229.495,280.0810646818864,178.90893531811355,101.17212936377284,-130416895
11/11/2024,00:00:00,240.32,242.1,239.0,239.29,9017079,-0.1498023581046368,0.1840799408372246,-0.3338822989418615,51.58926639890214,229.269,279.6371466405108,178.90085335948922,100.73629328102156,-121399816
11/12/2024,00:00:00,244.0,244.27,242.18,243.53,7884442,1.1418377891143052,0.3756315104926407,0.7662062786216645,52.142310918722586,229.452,279.99915841667064,178.90484158332936,101.09431683334128,-113515374
12/02/2025,00:00:00,274.08,276.45,273.25,275.45,6683894,4.687118955293073,1.2379289994527274,3.4491899558403456,56.19910636438899,229.67250000000004,280.9762191146997,178.3687808853004,102.60743822939928,-106831480
12/03/2025,00:00:00,234.0,234.32,227.26,227.9,16054015,3.6181840404155423,1.7139800076452905,1.904204032770252,49.47152435589336,229.4565,280.75187377775893,178.16112622224108,102.59074755551784,-122885495
12/05/2025,00:00:00,262.9,263.6,258.7,260.05,9603892,5.3041389186121535,2.432011789838663,2.8721271287734904,53.52273902088305,231.10350000000005,284.0794961775142,178.12750382248586,105.95199235502837,-113281603
12/06/2024,00:00:00,196.0,196.72,191.31,191.53,12751329,1.098614804166658,2.1653323927042623,-1.066717588537604,45.20417007927412,230.7415,284.6864101491512,176.7965898508488,107.8898202983024,-126032932
12/06/2025,00:00:00,266.86,268.29,265.14,268.24,6618026,3.9104849161633126,2.5143628973960723,1.3961220187672403,53.851586566623936,234.173,288.490087587609,179.85591241239098,108.63417517521803,-119414906
12/07/2024,00:00:00,204.0,207.45,202.1,204.94,15443441,1.0193804749508502,2.215366412907028,-1.195985937956178,47.22824589091479,230.99,284.316260322659,177.663739677341,106.652520645318,-134858347
12/08/2024,00:00:00,206.41,207.14,203.66,206.19,6935954,-1.1576316140327378,1.540766807519075,-2.698398421551813,47.36591504831827,230.9095,284.3802106648116,177.4387893351884,106.94142132962315,-127922393
12/09/2024,00:00:00,207.65,208.78,204.89,206.6,9055756,-2.817368930312938,0.6691396599526724,-3.4865085902656103,47.4143725156693,230.96150000000003,284.3354356896229,177.58756431037716,106.74787137924574,-118866637
12/11/2024,00:00:00,240.55,241.46,238.76,239.56,6860956,-1.4563384068252103,0.2440440465970959,-1.7003824534223064,51.29626855528931,232.2975,285.1250166461569,179.469983353843,105.65503329231396,-112005681
12/12/2024,00:00:00,243.0,244.1,241.04,241.53,6113771,-0.2162565048695626,0.1519839363037642,-0.3682404411733267,51.52659514259176,232.23100000000005,285.0084891028363,179.45351089716385,105.55497820567244,-105891910
13/01/2025,00:00:00,239.67,244.54,239.0,244.21,10005315,0.9715712702223982,0.315901403087491,0.6556698671349072,51.86012906402204,230.692,280.078457090988,181.30554290901205,98.77291418197592,-95886595
13/02/2025,00:00:00,275.5,276.97,273.81,276.32,8398667,4.452615011160873,1.1432441247021674,3.309370886458705,55.785588774441685,233.051,286.2737747867395,179.82822521326054,106.44554957347898,-87487928
13/03/2025,00:00:00,229.3,229.5,224.23,225.19,16467851,3.0504399932504214,1.5246832984118184,1.525756694838603,48.94195049811637,232.5005,285.80929269876583,179.1917073012341,106.61758539753174,-103955779
13/05/2024,00:00:00,198.8,199.85,198.04,198.73,7049241,-0.1936622571723205,1.1810141872949909,-1.3746764444673114,45.80993817802332,232.719,285.4331934966285,180.00480650337147,105.42838699325704,-111005020
13/05/2025,00:00:00,261.03,263.67,260.39,263.01,8588961,2.3946184555411776,1.4237350409442282,0.9708834145969494,53.58143402762056,232.462,284.5288779935958,180.39512200640416,104.13375598719163,-102416059
13/06/2024,00:00:00,192.32,194.58,190.88,193.66,8587786,-1.1370091166125462,0.9115862094328732,-2.04859532604542,45.928582381245455,231.7725,285.4852280539724,178.05977194602755,107.42545610794484,-111003845
13/06/2025,00:00:00,265.08,267.02,262.71,264.95,7098265,1.795955140151534,1.0884599955766054,0.7074951445749287,53.31087901588496,234.6585,288.9855062768048,180.3314937231952,108.65401255360962,-103905580
13/08/2024,00:00:00,207.73,208.09,205.4,207.94,6387942,-0.4744113839239219,0.7758857196765001,-1.250297103600422,47.70209982648315,233.941,289.2722215299824,178.60977847001757,110.66244305996486,-110293522
13/09/2024,00:00:00,206.86,207.85,203.02,204.32,10226694,-2.5365571063884715,0.1133971544635057,-2.649954260851977,47.36136313218292,232.1925,288.9293789677402,175.45562103225987,113.47375793548034,-120520216
13/11/2024,00:00:00,240.58,244.09,240.31,241.16,11472557,-1.184488289443152,-0.1461799343178258,-1.0383083551253265,51.18299030454713,232.074,288.72550215131105,175.422497848689,113.30300430262204,-109047659
13/12/2024,00:00:00,242.07,242.72,239.14,239.94,10392749,-0.2089986090507807,-0.1587436692644168,-0.0502549397863638,51.05080864499665,230.2985,283.5231410133502,177.07385898664984,106.44928202670036,-119440408
14/01/2025,00:00:00,242.66,247.72,242.19,247.47,12407386,1.1583394437814434,0.1046729533447552,1.053666490436688,51.87688296842243,231.277,285.0064526679734,177.54754733202657,107.45890533594684,-107033022
14/02/2025,00:00:00,277.37,279.23,276.45,276.59,5688627,4.539378209461603,0.9916140045681248,3.547764204893478,55.03704618544458,232.104,288.04320678736866,176.1647932126313,111.87841357473737,-101344395
14/03/2025,00:00:00,228.12,233.14,227.58,232.44,11962108,3.61467207762172,1.5162256191788437,2.098446458442876,49.70737280830074,234.1495,286.9058385670385,181.3931614329615,105.51267713407697,-113306503
14/04/2025,00:00:00,237.1,239.78,233.63,234.72,13017824,3.030874714184506,1.819155438179976,1.21171927600453,49.97677800006654,232.4735,282.86822205499294,182.07877794500703,100.78944410998592,-100288679
14/05/2024,00:00:00,199.0,201.58,198.16,201.51,8596175,-0.1102870345390556,1.4332669436361698,-1.5435539781752254,46.1028781525391,232.302,283.0921496749123,181.5118503250877,101.58029934982464,-108884854
14/05/2025,00:00:00,263.0,266.64,262.29,265.64,8643060,2.545729111441517,1.6557593771972392,0.8899697342442778,53.58486292471828,235.2745,286.5601063530499,183.9888936469501,102.57121270609976,-100241794
14/06/2024,00:00:00,191.45,194.86,191.42,193.78,6874029,-1.1347793680488394,1.0976516281480235,-2.2324309961968627,45.89638484266428,234.6335,287.6286244078169,181.63837559218308,105.99024881563383,-107115823
14/08/2024,00:00:00,207.74,210.76,207.12,210.24,6999809,-2.692388240948105,0.3396436543287978,-3.032031895276903,47.74585078818194,233.1675,287.1493587582902,179.18564124170982,107.96371751658036,-100116014
14/10/2024,00:00:00,223.2,223.7,218.88,221.48,9048925,-2.985416409277206,-0.3253683583924031,-2.660048050884804,49.02723511853057,232.165,286.23305248943217,178.09694751056776,108.1361049788644,-91067089
14/11/2024,00:00:00,242.42,244.29,241.05,241.87,10172202,-1.5544223370646364,-0.5711791541268498,-0.9832431829377866,51.357524696146754,232.048,286.0213317852436,178.0746682147563,107.94666357048732,-80894887
15/01/2025,00:00:00,250.4,253.67,243.68,252.35,18448520,0.4204524754900944,-0.372852828203461,0.7933053036935555,52.558027500955625,230.8495,281.8181882212991,179.88081177870083,101.93737644259828,-62446367
15/04/2025,00:00:00,236.1,238.65,232.82,233.13,10912883,0.4297082121014739,-0.212340620142474,0.6420488322439479,50.11519483313855,231.24650000000003,282.15633098577325,180.3366690142268,101.81966197154644,-73359250
15/05/2024,00:00:00,202.01,202.69,199.77,202.11,8369975,-2.042467016617252,-0.5783658994374297,-1.4641011171798222,46.369278338289895,231.4155,281.9132149879081,180.9177850120919,100.99542997581617,-81729225
15/05/2025,00:00:00,266.97,269.52,264.76,267.49,9214641,1.2594181120688006,-0.2108090971361836,1.4702272092049842,54.14840621910732,231.6395,282.7320624626519,180.546937537348,102.18512492530397,-72514584
15/07/2024,00:00:00,207.19,211.61,206.72,210.05,10719670,-0.7500954550525591,-0.3186663687194587,-0.4314290863331004,47.61399991348815,232.459,281.57617048039305,183.34182951960693,98.23434096078611,-83234254
15/08/2024,00:00:00,213.0,213.89,211.1,211.55,7001005,-2.1962944554461785,-0.6941919860648027,-1.5021024693813758,47.79118444664472,229.789,277.3314555108378,182.2465444891621,95.08491102167572,-76233249
15/10/2024,00:00:00,223.2,223.7,218.88,221.48,70243,-2.512190601561457,-1.0577917091641336,-1.4543988923973237,49.02045975034345,230.46600000000004,277.122016718104,183.80998328189605,93.31203343620795,-76163006
15/11/2024,00:00:00,241.46,246.42,241.46,245.31,11518836,-0.8300899684431045,-1.0122513610199275,0.1821613925768233,51.94465579668418,232.5155,277.9833820597572,187.0476179402428,90.93576411951447,-64644170
16/01/2025,00:00:00,254.0,257.04,252.33,254.27,15292348,1.2120126924723706,-0.5673985503214681,1.7794112427938389,53.03546611675182,233.171,279.4885534327969,186.85344656720312,92.63510686559376,-49351822
16/04/2025,00:00:00,232.0,233.58,227.93,229.61,9322325,0.8309590770360558,-0.2877270248499634,1.118686101886019,49.69223916996033,232.6545,278.8889129301973,186.42008706980272,92.4688258603946,-58674147
16/05/2024,00:00:00,202.22,204.48,201.99,202.47,8497927,-1.642071066989928,-0.5585958332779564,-1.0834752337119715,46.23764800925554,230.4045,277.89862531040023,182.91037468959985,94.9882506208004,-67172074
16/05/2025,00:00:00,267.5,268.46,264.71,267.56,8932912,1.631447436317217,-0.1205871793589217,1.7520346156761384,54.42149144070931,229.953,275.8263330378336,184.0796669621664,91.74666607566724,-58239162
16/07/2024,00:00:00,210.0,213.74,208.08,213.62,11557018,-0.1253280660640143,-0.1215353566999403,-0.003792709364074,47.91255887648519,229.012,275.4117532752061,182.6122467247939,92.7995065504122,-69796180
16/08/2024,00:00:00,211.69,214.09,211.59,213.97,7931234,-1.4723706611938496,-0.3917024175987222,-1.0806682435951274,47.95605507745849,227.9745,274.74380167321294,181.205198326787,93.53860334642592,-61864946
16/09/2024,00:00:00,205.83,208.21,205.59,207.86,8634936,-2.998374168361778,-0.9130367677513334,-2.0853374006104444,47.21482247277556,228.292,274.4201803673199,182.1638196326801,92.25636073463986,-70499882
16/10/2024,00:00:00,222.33,223.68,221.04,223.64,6382515,-2.900988036731377,-1.3106270215473423,-1.5903610151840346,49.39049547016508,226.192,269.0349997082371,183.34900029176293,85.68599941647415,-64117367
16/12/2024,00:00:00,240.61,240.67,237.52,239.58,9032044,-1.5200617166593418,-1.3525139605697425,-0.1675477560895995,51.56234984926227,228.482,268.9824491826942,187.9815508173057,81.00089836538851,-55085323
17/01/2025,00:00:00,254.14,260.62,252.14,259.16,17678101,1.1411205764644592,-0.8537870531629019,1.994907629627361,54.16437125027359,230.928,272.6176695117627,189.23833048823724,83.37933902352546,-37407222
17/03/2025,00:00:00,231.18,235.67,230.46,233.93,9586025,1.2004386627983197,-0.4429419099706577,1.6433805727689772,50.40680847088934,231.5505,273.0285421307467,190.0724578692533,82.9560842614934,-46993247
17/04/2025,00:00:00,230.8,234.34,230.55,231.96,9557946,1.0760817371305509,-0.139137180550416,1.215218917680967,50.11446774544619,231.055,272.2639919799065,189.8460080200935,82.417983959813,-56551193
17/05/2024,00:00:00,203.81,205.05,202.81,204.79,9260490,-1.2010193497844457,-0.3515136143972219,-0.8495057353872235,46.1399424640169,228.677,270.1840611342215,187.16993886577848,83.01412226844303,-65811683
17/06/2024,00:00:00,193.48,195.58,192.64,194.98,8725445,-3.7539501802758366,-1.032000927572945,-2.721949252702892,44.75964457673734,226.7695,270.7173511306299,182.82164886937016,87.89570226125971,-74537128
17/07/2024,00:00:00,213.8,217.56,213.27,216.87,11572470,-3.965118777609263,-1.6186244975802089,-2.346494280029054,48.46443984300174,227.5075,270.2534574111986,184.76154258880143,85.49191482239718,-62964658
17/09/2024,00:00:00,207.73,209.93,207.66,209.25,7573345,-4.69324096893763,-2.2335477918516933,-2.4596931770859367,47.27582604364751,224.5955,263.84145646687705,185.34954353312293,78.4919129337541,-70538003
17/10/2024,00:00:00,224.27,225.85,223.31,224.42,6470186,-4.000080395546036,-2.5868543125905616,-1.413226082955474,49.90965107177228,225.314,263.9905041853579,186.6374958146421,77.35300837071577,-64067817
17/12/2024,00:00:00,238.65,239.02,236.63,238.36,8083635,-2.29939811843812,-2.5293630737600736,0.2299649553219538,52.26924524043447,226.6545,265.188047708458,188.12095229154207,77.06709541691592,-55984182
18/02/2025,00:00:00,277.57,279.97,276.02,279.95,7919798,2.376970025944871,-1.548096453819085,3.925066479763956,58.54380833466804,229.578,274.4486347626151,184.7073652373849,89.7412695252302,-48064384
18/03/2025,00:00:00,234.32,236.17,233.52,234.97,10344866,2.4255550960347136,-0.753366143848325,3.1789212398830387,50.77040766214866,229.061,273.430136525292,184.691863474708,88.73827305058404,-58409250
18/06/2024,00:00:00,194.6,197.96,194.13,197.0,9022971,-0.5929672005733266,-0.7212863551933254,0.1283191546199987,45.302085328317176,226.1975,271.0785043893851,181.31649561061488,89.76200877877022,-67432221
18/07/2024,00:00:00,215.63,216.64,209.24,209.98,12415125,-1.9157072654306544,-0.9601705372407914,-0.9555367281898632,47.388233347150575,225.216,270.6111937544053,179.8208062455946,90.79038750881074,-55017096
18/09/2024,00:00:00,209.01,211.34,206.7,207.53,8259876,-3.125652247692841,-1.3932668793312013,-1.7323853683616397,47.023675044800704,225.469,270.4084080512862,180.5295919487138,89.87881610257239,-63276972
18/10/2024,00:00:00,225.0,225.92,223.1,225.37,7000543,-2.614860968864747,-1.6375856972379106,-0.9772752716268364,50.03773601762943,223.35950000000005,263.9479458805706,182.77105411942944,81.17689176114118,-56276429
18/11/2024,00:00:00,247.76,247.93,242.68,245.03,9052575,-0.6165502977730739,-1.4333786173449434,0.8168283195718695,53.197895053673854,224.93,266.31244313715666,183.5475568628433,82.76488627431337,-47223854
18/12/2024,00:00:00,239.0,239.07,229.53,230.37,11322358,-0.2133547543505471,-1.1893738447460642,0.976019090395517,50.62643762629347,225.75,266.8804193997582,184.6195806002418,82.26083879951639,-58546212
19/02/2025,00:00:00,278.38,280.25,277.22,279.25,7007248,4.004229842397592,-0.1506531073173329,4.154882949714925,57.9286326494539,229.3195,275.6788103809796,182.96018961902035,92.71862076195924,-51538964
19/03/2025,00:00:00,235.74,242.33,234.89,239.11,10120588,4.060921707742722,0.691661855694678,3.369259852048044,51.228253635366826,230.093,276.5635485657315,183.62245143426856,92.9410971314629,-61659552
19/05/2025,00:00:00,265.55,268.32,261.93,264.88,12145045,6.114786597027461,1.7762868039612347,4.338499793066227,54.83972675684659,231.358,280.11389629983233,182.60210370016767,97.51179259966466,-49514507
19/07/2024,00:00:00,211.2,212.35,208.92,209.78,8095898,3.2588142271277434,2.0727922885945365,1.186021938533207,46.85132620735671,228.88900000000004,276.7563725621117,181.0216274378884,95.73474512422337,-57610405
19/08/2024,00:00:00,214.0,215.53,213.82,215.45,6090818,1.4363992452732075,1.9455136799302708,-0.5091144346570631,47.69566812966514,227.965,276.1200543556957,179.80994564430432,96.31010871139136,-51519587
19/09/2024,00:00:00,209.78,211.91,207.34,210.48,11635168,-0.4042552190888386,1.475559900126449,-1.879815119215288,46.99097763340744,226.891,275.5967326810716,178.18526731892842,97.41146536214312,-63154755
19/11/2024,00:00:00,242.25,245.15,241.55,243.09,6792660,0.759611000788027,1.3323701202587648,-0.5727591194707378,52.00195164101307,228.806,276.89311028955683,180.7188897104432,96.1742205791137,-56362095
19/12/2024,00:00:00,232.27,236.36,232.27,232.96,11790773,0.8547242955543766,1.2368409553178872,-0.3821166597635106,50.407857647435385,230.705,276.2303430519749,185.17965694802504,91.05068610394986,-68152868
20/02/2025,00:00:00,278.68,278.74,265.74,266.8,13846671,3.61898999036498,1.7132707623273058,1.9057192280376745,55.3336933060117,233.2015,280.8451267616142,185.55787323838567,95.28725352322846,-54306197
20/03/2025,00:00:00,236.56,241.76,236.2,239.01,8328513,3.526617073303612,2.075940024522567,1.4506770487810448,50.865487814530674,234.6895,281.0907010512659,188.28829894873408,92.80240210253184,-62634710
20/05/2024,00:00:00,204.39,205.88,195.4,195.58,17373253,-0.0504456631211382,1.6506628869938262,-1.7011085501149643,44.77977625452653,233.2475,282.5381895366661,183.956810463334,98.58137907333216,-80007963
20/05/2025,00:00:00,262.52,266.66,262.3,265.68,8436337,2.7396099782910426,1.8684523052532696,0.8711576730377728,54.28676498380175,234.6135,285.870247175372,183.35675282462805,102.51349435074393,-71571626
20/06/2024,00:00:00,196.39,199.45,196.11,198.67,8731062,-0.4511966841727997,1.4045225073680558,-1.8557191915408555,46.11376205307889,230.5495,279.6259417923713,181.47305820762875,98.15288358474254,-80302688
20/08/2024,00:00:00,215.0,216.0,213.68,214.52,5640223,-1.6815871270242724,0.7873005804895903,-2.4688877075138627,48.10395986822322,229.527,279.0426129316805,180.0113870683195,99.031225863361,-74662465
20/09/2024,00:00:00,209.93,211.42,209.5,211.09,20884974,-2.900023090773743,0.0498358462369236,-2.9498589370106667,47.69344713689875,230.2315,278.2543496759616,182.2086503240384,96.04569935192316,-95547439
20/11/2024,00:00:00,244.4,244.61,238.64,240.78,9015290,-1.4531564174632194,-0.250762606503105,-1.2023938109601144,51.54787064114612,231.7715,279.067770582362,184.475229417638,94.59254116472404,-86532149
20/12/2024,00:00:00,231.92,239.21,231.59,237.6,32348414,-0.5566864435878927,-0.3119473739200625,-0.2447390696678301,51.11342056042992,233.275,279.2876002308064,187.2623997691936,92.02520046161276,-118880563
21/01/2025,00:00:00,260.07,264.25,259.5,263.03,13712114,2.1806240652157385,0.1865669139070976,1.994057151308641,54.42162196721887,235.158,282.77680746091823,187.5391925390817,95.2376149218365,-105168449
21/02/2025,00:00:00,268.32,269.2,262.84,264.24,12835566,4.396914360543747,1.0286364032344275,3.368277957309319,54.57912231115528,236.1185,285.2461078289997,186.99089217100016,98.25521565799956,-92332883
21/03/2025,00:00:00,237.81,242.3,236.5,241.63,19326865,4.279570126278884,1.6788231478433189,2.600746978435565,51.030556834823,236.6815,285.790768483658,187.57223151634204,98.21853696731594,-111659748
21/04/2025,00:00:00,230.01,231.81,226.34,228.99,8716177,3.130544642153666,1.9691674467053883,1.1613771954482774,49.108295923709456,234.1685,279.28918229758943,189.04781770241053,90.24136459517888,-120375925
21/05/2024,00:00:00,197.0,199.9,196.6,199.52,14420799,-0.1562479125558695,1.544084374853137,-1.7003322874090063,44.86496318190635,232.189,279.68028673767435,184.6977132623257,94.98257347534869,-134796724
21/05/2025,00:00:00,264.35,265.65,260.73,261.04,7464045,2.1779886660911245,1.6708652331007348,0.5071234329903898,53.83312743947478,231.997,278.9864733318006,185.00752666819932,93.97894666360122,-127332679
21/06/2024,00:00:00,196.71,197.17,194.22,196.3,20972495,-1.1824583297392053,1.1002005205327468,-2.282658850271952,45.4541588541509,231.323,279.9268027730342,182.71919722696583,97.20760554606832,-148305174
21/08/2024,00:00:00,214.43,215.0,212.84,214.6,5202472,-2.3419828041961352,0.4117638555869704,-2.753746659783105,47.92168060748799,231.2805,279.9412001490936,182.6197998509064,97.32140029818726,-143102702
21/10/2024,00:00:00,225.22,225.7,222.9,223.0,5869959,-2.553667417469285,-0.1813223990242806,-2.3723450184450043,49.0607874316333,231.9065,279.796764261121,184.016235738879,95.78052852224198,-137232743
21/11/2024,00:00:00,243.23,245.49,242.11,244.76,8783516,-0.9545751068716584,-0.3359729405937561,-0.6186021662779022,51.99033438040445,231.99,279.9637207229125,184.0162792770876,95.94744144582498,-128449227
22/01/2025,00:00:00,262.9,263.38,260.25,262.84,9021914,1.7514325450993908,0.0815081565448732,1.6699243885545176,54.3400118268018,233.484,283.31076044055044,183.6572395594496,99.65352088110086,-119427313
22/04/2025,00:00:00,231.98,235.99,231.37,235.59,10701399,1.6777754912863827,0.4007616234931752,1.2770138677932077,50.34098736838788,231.9235,279.3772805764726,184.4697194235275,94.90756115294508,-130128712
22/05/2024,00:00:00,199.0,200.94,197.69,198.31,9425338,-1.3729561091800235,0.0460180769585354,-1.418974186138559,45.41669388414797,229.8885,279.39835933124834,180.3786406687516,99.01971866249676,-139554050
22/05/2025,00:00:00,264.35,265.65,260.73,261.04,143561,1.256618347539188,0.2881381310746659,0.968480216464522,53.63522852547764,233.1615,281.8137826905378,184.5092173094622,97.30456538107558,-139410489
22/07/2024,00:00:00,210.46,212.17,209.71,210.28,7663223,-0.7467249510145848,0.0811655146568158,-0.8278904656714006,47.41405061973642,230.3915,277.60987620037355,183.17312379962647,94.43675240074708,-147073712
22/08/2024,00:00:00,214.58,216.8,214.34,216.63,5247098,-1.801233518815792,-0.2953142920377057,-1.505919226778086,48.223137228562464,231.2895,276.70947907309073,185.86952092690925,90.83995814618147,-141826614
22/10/2024,00:00:00,223.02,225.28,221.1,224.12,9586793,-2.009395689955568,-0.6381305716212782,-1.3712651183342897,49.215676594627965,231.7695,276.67039107133627,186.86860892866372,89.8017821426725,-132239821
22/11/2024,00:00:00,243.61,249.15,243.03,248.55,7997307,-0.2007547050656057,-0.5506553983101437,0.3499006932445379,52.419491517394064,233.6425,278.05923327699827,189.22576672300173,88.83346655399649,-124242514
23/01/2025,00:00:00,264.69,266.86,263.81,265.95,10749681,2.606593698538404,0.0807944210595659,2.5257992774788383,54.61560493266756,234.901,281.43138830699786,188.37061169300216,93.0607766139957,-113492833
23/04/2025,00:00:00,240.22,246.79,240.0,240.88,14126766,2.776492377162185,0.6199340122800898,2.156558364882096,50.96560670543356,235.065,281.65536617155954,188.47463382844043,93.1807323431191,-127619599
23/05/2024,00:00:00,197.81,198.3,196.07,196.92,8069445,-0.6288176880432559,0.3701836722154207,-0.9990013602586766,45.25443654010117,231.75950000000003,279.3153288646093,184.2036711353908,95.1116577292185,-135689044
23/05/2025,00:00:00,256.81,261.99,256.0,260.71,6671841,1.79903132284187,0.6559532023407106,1.143078120501159,53.4126571372639,231.583,278.679305205398,184.486694794602,94.19261041079604,-129017203
23/07/2024,00:00:00,211.02,211.48,209.35,210.33,5557262,-0.3382269315683004,0.4571171755589084,-0.7953441071272089,47.40431525726572,230.01800000000003,277.75074163506645,182.2852583649336,95.46548327013284,-134574465
23/08/2024,00:00:00,217.6,219.19,216.5,218.31,7213981,-1.3722813823845854,0.0912374639702096,-1.463518846354795,48.39454390220601,229.484,277.4889799083387,181.4790200916613,96.0099598166774,-127360484
23/09/2024,00:00:00,211.0,211.8,209.99,211.44,7223491,-2.714833657156504,-0.4699767602551331,-2.244856896901371,47.56430128540234,230.08,276.8625411879261,183.2974588120739,93.56508237585224,-134583975
23/10/2024,00:00:00,223.66,224.8,222.53,223.41,6180528,-2.780880782323578,-0.932157564668822,-1.848723217654756,49.19960275154754,228.1985,272.8262878793023,183.5707121206977,89.25557575860458,-128403447
23/12/2024,00:00:00,236.07,238.62,234.88,238.39,8611528,-1.605950401388128,-1.0669161320126834,-0.5390342693754446,51.24868525692339,230.303,272.6255028087895,187.9804971912104,84.64500561757913,-119791919
24/01/2025,00:00:00,263.69,267.1,263.01,264.84,7666261,1.4428520383919192,-0.5649624979317629,2.007814536323682,54.72150963894656,232.815,277.032617529668,188.597382470332,88.43523505933595,-112125658
24/02/2025,00:00:00,265.49,267.0,258.61,261.34,10372751,3.5358698810869384,0.2552039778719774,3.280665903214961,54.17159514681984,234.73200000000003,280.38248109275526,189.0815189072448,91.30096218551046,-122498409
24/03/2025,00:00:00,245.48,248.69,244.41,248.06,9422650,4.076030642388332,1.0193693107752484,3.056661331613084,52.03488123975309,234.897,280.714818411618,189.07918158838203,91.63563682323598,-131921059
24/04/2025,00:00:00,239.74,245.47,237.58,244.64,9055197,4.179962513580136,1.6514879513362262,2.52847456224391,51.4718182563962,233.987,278.2451409912346,189.72885900876537,88.51628198246925,-140976256
24/05/2024,00:00:00,197.75,200.76,197.56,200.71,7356233,0.7093682529631167,1.4630640116616045,-0.7536957586984876,44.77031356316025,232.243,278.80021989122633,185.68578010877368,93.11443978245268,-148332489
24/06/2024,00:00:00,197.81,199.23,197.1,198.88,9785929,-2.1638251791779908,0.7376861734936853,-2.901511352671676,44.51033457769758,232.2715,278.7462214192834,185.7967785807166,92.94944283856682,-158118418
24/07/2024,00:00:00,209.55,212.03,208.07,208.59,7118957,-3.615656783514453,-0.1329824179079424,-3.4826743656065107,46.29245176714383,229.649,275.24534937141345,184.0526506285865,91.192698742827,-150999461
24/09/2024,00:00:00,211.15,212.95,210.37,211.59,7323239,-4.47261138197166,-1.000908210720686,-3.471703171250974,46.86029699973978,229.7145,275.20300161304505,184.22599838695496,90.97700322609008,-143676222
24/10/2024,00:00:00,221.83,225.06,221.66,224.98,6002202,-4.0248964789740285,-1.6057058643713549,-2.4191906146026736,49.43027414829584,230.132,275.28450628702683,184.9794937129731,90.30501257405372,-137674020
24/12/2024,00:00:00,239.43,242.49,239.07,242.31,3729092,-2.245804785981904,-1.733725648693465,-0.5120791372884386,52.62381787914944,231.0415,276.4052737737944,185.67772622620555,90.72754754758888,-133944928
25/02/2025,00:00:00,262.23,263.0,253.35,257.4,9608439,0.3774243727553141,-1.3114956444037091,1.6889200171590233,55.27251389461789,231.484,277.6871745229697,185.28082547703025,92.40634904593948,-124336489
25/03/2025,00:00:00,249.31,251.82,247.62,251.13,9287694,1.92818882050949,-0.6635587514210695,2.59174757193056,53.92351002049335,230.743,275.15188474168207,186.33411525831795,88.81776948336412,-133624183
25/04/2025,00:00:00,244.65,245.62,241.75,243.55,8588564,2.516529184755541,-0.0275411641857473,2.5440703489412884,52.2628400449402,230.8765,275.42231743553486,186.33068256446512,89.09163487106974,-142212747
25/06/2024,00:00:00,198.09,200.07,197.74,198.07,6915909,-0.679232970718374,-0.1578795254922727,-0.5213534452261013,43.58888988499117,230.934,275.3069775426441,186.56102245735585,88.7459550852883,-149128656
25/07/2024,00:00:00,208.65,210.19,208.05,208.67,6403774,-2.329710637021691,-0.5922457477981564,-1.7374648892235345,45.844861742417216,228.332,271.5025295774791,185.16147042252084,86.34105915495826,-142724882
25/09/2024,00:00:00,211.68,212.24,208.61,210.19,8976520,-3.475016949515492,-1.1687999881416236,-2.306216961373869,46.17725886037779,228.325,271.50724704667414,185.14275295332573,86.36449409334836,-133748362
25/10/2024,00:00:00,225.0,225.62,220.88,222.31,6369720,-3.3658977704207587,-1.6082195445974508,-1.757678225823308,48.87201796466719,228.525,271.55664486746934,185.49335513253067,86.06328973493868,-127378642
25/11/2024,00:00:00,249.59,254.31,249.06,250.29,10295350,-1.0100249347149486,-1.4885806226209506,0.478555687906002,54.53170687556896,230.4675,273.74558723823174,187.18941276176812,86.55617447646355,-117083292
26/02/2025,00:00:00,257.16,260.91,256.93,258.79,5943585,1.5253173147379189,-0.8858010351491767,2.4111183498870954,56.12079703345847,232.2365,277.0800784812051,187.39292151879488,89.6871569624102,-111139707
26/03/2025,00:00:00,252.6,254.67,249.78,251.03,12785225,2.87528269747466,-0.1335842886244095,3.0088669860990693,54.256483267562544,232.8685,278.3922833555165,187.34471664448347,91.04756671103304,-123924932
26/06/2024,00:00:00,197.45,197.94,196.28,197.43,7758582,-0.3756023467911404,-0.1819879002577557,-0.1936144465333847,43.50591870140868,229.498,275.0360704905248,183.95992950947524,91.07614098104952,-131683514
26/07/2024,00:00:00,209.24,213.16,208.62,212.24,8027787,-1.7368871837880988,-0.4929677569638243,-1.2439194268242746,46.65133504466501,227.043,270.70525926357914,183.38074073642085,87.32451852715829,-123655727
26/08/2024,00:00:00,219.01,219.68,218.05,219.17,5105245,-2.23080678902744,-0.8405355633765476,-1.3902712256508925,48.10727845788544,225.5985,268.28456951922374,182.91243048077624,85.3721390384475,-118550482
26/09/2024,00:00:00,211.13,211.7,209.01,209.78,7807480,-3.34141836818614,-1.340712124338466,-2.000706243847674,46.26485609258594,223.85550000000003,266.13407115608334,181.5769288439167,84.55714231216663,-126357962
26/11/2024,00:00:00,250.49,251.0,248.34,249.97,6212142,-0.9674369174622086,-1.2660570829632147,0.2986201655010061,54.327386560601454,226.3185,268.65598564806373,183.98101435193627,84.67497129612747,-120145820
26/12/2024,00:00:00,241.3,243.26,240.79,243.14,4452168,0.3587016768937019,-0.9411053309918316,1.2998070078855335,52.87542797538816,228.5315,269.50577889542416,187.55722110457583,81.94855779084833,-124597988
27/01/2025,00:00:00,264.17,265.97,262.26,265.85,7522258,3.2052353143304515,-0.1118372019273749,3.3170725162578263,56.99139498980389,231.3945,274.3491954243654,188.43980457563453,85.90939084873088,-117075730
27/02/2025,00:00:00,260.18,263.64,257.86,259.05,8204447,4.856448445492219,0.881819927556544,3.9746285179356753,55.43023417550704,233.7675,277.3232462913908,190.2117537086092,87.11149258278158,-125280177
27/03/2025,00:00:00,249.53,250.64,247.18,248.12,8022517,5.222880973376903,1.750032136720616,3.4728488366562864,52.92088341243791,234.9245,278.713805303921,191.135194696079,87.578610607842,-133302694
27/05/2025,00:00:00,262.04,265.3,261.99,265.29,7506555,6.820138583846386,2.7640534261457703,4.0560851577006165,56.26999059233989,236.0735,281.7432498460414,190.40375015395853,91.33949969208288,-125796139
27/06/2024,00:00:00,197.44,199.86,196.9,199.17,7913453,2.719298950067781,2.7551025309301727,-0.0358035808623915,43.45113854255615,233.162,280.41904671263325,185.9049532873667,94.51409342526654,-133709592
27/08/2024,00:00:00,219.51,220.42,219.19,220.18,5185221,1.1514126392718254,2.434364552598504,-1.282951913326678,47.54066449483239,231.6145,278.44169401159974,184.78730598840025,93.65438802319947,-128524371
27/09/2024,00:00:00,210.65,212.44,209.33,210.5,7032450,-0.8623035602323625,1.7750309300323304,-2.637334490264693,45.89387598087914,229.962,277.31742486347264,182.6065751365273,94.7108497269453,-135556821
27/11/2024,00:00:00,249.35,251.19,248.77,249.79,5472265,0.704070398107433,1.560838823647351,-0.8567684255399179,53.00894520746444,232.548,278.2754169836872,186.8205830163128,91.45483396737438,-130084556
27/12/2024,00:00:00,242.72,243.39,240.04,241.17,5730607,1.2356275404180224,1.4957965670014854,-0.2601690265834631,51.4115822940682,234.173,278.68446104094994,189.6615389590501,89.02292208189988,-135815163
28/01/2025,00:00:00,265.85,267.33,264.83,267.14,7375391,3.70968937510105,1.9385751286213984,1.7711142464796512,55.738965560795634,237.02050000000003,282.3102880211423,191.73071197885773,90.57957604228456,-128439772
28/02/2025,00:00:00,260.73,264.81,257.89,264.65,10467126,5.407148768370064,2.6322898565711315,2.7748589117989324,55.23105409398906,239.1375,285.42611884956176,192.84888115043825,92.57723769912354,-138906898
28/03/2025,00:00:00,246.94,249.51,241.11,242.85,11978417,4.936415828414226,3.0931150509397507,1.843300777474476,50.86128701341669,238.76550000000003,284.8085622244004,192.72243777559967,92.08612444880076,-150885315
28/04/2025,00:00:00,244.56,246.84,240.84,243.22,7394297,4.540868187954061,3.382665678342613,1.158202509611448,50.93224496324265,237.987,283.16787785778405,192.8061221422159,90.36175571556814,-143491018
28/05/2024,00:00:00,199.86,200.41,198.66,199.5,6910206,0.691583077189506,2.844449158111992,-2.152866080922486,43.025983070840574,235.4105,283.1282553851814,187.69274461481868,95.4355107703627,-150401224
28/05/2025,00:00:00,266.24,266.72,262.9,263.49,5535408,2.772495505198009,2.830058427529196,-0.0575629223311864,54.22590061667972,238.7135,284.5668851640204,192.86011483597963,91.70677032804076,-144865816
28/06/2024,00:00:00,200.01,202.6,199.3,202.26,15307616,-0.5131998347405897,2.1614067750752386,-2.6746066098158283,45.09168459559447,238.2145,285.4070758885866,191.0219241114134,94.38515177717318,-160173432
28/08/2024,00:00:00,219.25,222.21,219.19,221.29,6506402,-1.5635514562338813,1.4164151288134146,-2.979966585047296,48.022184681569335,238.3205,285.3507394104049,191.29026058959505,94.06047882080986,-153667030
28/10/2024,00:00:00,223.35,225.64,222.95,225.5,6842956,-2.0328178097544765,0.7265685410998364,-2.759386350854313,48.674807414117,239.10649999999995,284.70620669861813,193.50679330138172,91.19941339723636,-146824074
29/01/2025,00:00:00,267.21,270.68,265.61,266.58,7684870,0.8997264182251854,0.7612001165249063,0.1385263017002791,54.657329283714326,239.937,286.8830311847552,192.9909688152448,93.89206236951036,-139139204
29/04/2025,00:00:00,242.19,245.25,241.69,244.62,7216788,1.4352556405086432,0.8960112213216538,0.5392444191869894,51.22030610419147,240.011,286.9816524970646,193.04034750293533,93.94130499412928,-146355992
29/05/2024,00:00:00,198.0,198.99,196.89,198.11,6120045,-1.871725802323482,0.3424638165926266,-2.2141896189161088,44.795408085922254,236.624,285.3883629713339,187.85963702866604,97.52872594266783,-152476037
29/05/2025,00:00:00,264.8,265.41,262.53,264.37,5081992,0.8443625350852528,0.4428435602911519,0.4015189747941009,53.70483002972488,236.89,286.19581182781604,187.584188172184,98.61162365563206,-147394045
29/07/2024,00:00:00,212.65,213.61,210.55,210.85,6533636,-1.3066721012479547,0.0929404279833305,-1.399612529231285,47.09355591372816,235.02650000000003,285.30140717047624,184.7515928295238,100.54981434095244,-153927681
29/08/2024,00:00:00,222.15,222.98,218.94,222.21,6416149,-2.070853971865148,-0.3398184519863652,-1.7310355198787828,48.54157801911735,232.8725,281.43878537370347,184.3062146262965,97.13257074740692,-147511532
29/11/2024,00:00:00,249.92,251.77,249.45,249.72,5494825,-0.4514425716721462,-0.3621432759235214,-0.0892992957486247,51.96986646698938,235.4,281.9051287494186,188.8948712505814,93.01025749883723,-142016707
30/01/2025,00:00:00,268.63,269.7,266.62,268.23,8753466,2.2990528851363194,0.1700959562884467,2.128956928847873,54.18173855879923,237.8025,285.8532135743061,189.75178642569392,96.10142714861216,-133263241
30/04/2025,00:00:00,241.21,245.22,238.43,244.62,12991699,2.544380631808025,0.6449528913923623,1.8994277404156623,50.95818829909552,239.5085,285.9567474481008,193.0602525518992,92.89649489620166,-146254940
30/05/2024,00:00:00,198.56,199.85,198.4,199.33,6829719,-0.9052843032133636,0.334905452471217,-1.240189755684581,45.38064225168641,236.9855,286.3180257715435,187.6529742284565,98.66505154308696,-153084659
30/05/2025,00:00:00,263.7,265.33,262.73,264.0,10977662,1.561163788188253,0.5801571196146242,0.9810066685736288,53.249329014753,238.127,288.8314440261404,187.42255597385963,101.40888805228076,-142106997
30/07/2024,00:00:00,213.23,215.79,212.96,215.19,8850705,-0.4179001149949783,0.3805456726927037,-0.798445787687682,47.66759037834847,235.5295,285.3373606145656,185.72163938543423,99.61572122913137,-150957702
30/08/2024,00:00:00,222.5,225.48,221.93,224.8,8574128,-1.1970766760075264,0.0650212029526577,-1.2620978789601842,48.80542350931266,233.537,281.68641831424344,185.3875816857565,96.29883662848692,-142383574
30/09/2024,00:00:00,206.31,210.96,205.26,210.86,8668314,-2.9059235351938923,-0.5291677446766523,-2.3767557905172403,47.20219971197458,231.9375,280.8622969336614,183.0127030663386,97.84959386732282,-151051888
30/10/2024,00:00:00,222.54,226.31,221.58,224.41,7110941,-3.130736048400365,-1.049481405421395,-2.08125464297897,48.95737412145498,230.997,279.7409358689879,182.2530641310121,97.48787173797577,-143940947
30/12/2024,00:00:00,238.77,240.84,237.11,239.32,5723765,-2.0817915952328008,-1.2559434433836765,-0.8258481518491245,50.89192600824073,232.988,279.63086895121273,186.34513104878727,93.28573790242548,-138217182
31/01/2025,00:00:00,269.23,270.82,266.96,267.3,7196268,0.9957778948013924,-0.8055991757466626,1.801377070548055,54.38576225321422,233.1785,280.3462891256311,186.0107108743689,94.33557825126218,-131020914
31/03/2025,00:00:00,238.65,245.86,237.36,245.3,13602996,1.6406454109843196,-0.3163502584004662,1.9569956693847856,51.2955454437819,235.33050000000003,280.5463306237982,190.11466937620185,90.43166124759637,-144623910
31/05/2024,00:00:00,199.3,203.3,198.35,202.63,14417885,-1.2766879642111917,-0.5084177995626113,-0.7682701646485803,45.8535145270952,234.39750000000004,281.4658205032855,187.32917949671457,94.13664100657093,-159041795
31/07/2024,00:00:00,214.78,216.39,212.67,212.8,9071637,-2.736516814131221,-0.9540376024763332,-1.7824792116548878,47.28889317503682,233.7625,281.6297246427553,185.89527535724463,95.73444928551066,-149970158
31/10/2024,00:00:00,224.7,225.69,221.82,221.92,7829932,-3.121550621742301,-1.387540206329527,-1.7340104154127742,48.60465878545697,231.5295,277.1801006422698,185.8788993577302,91.3012012845396,-142140226
31/12/2024,00:00:00,240.05,241.44,239.03,239.71,4870971,-1.9684967602211143,-1.5037315171078445,-0.46476524311327,51.16542315076263,231.284,276.7025880009496,185.8654119990504,90.8371760018992,-137269255
